Emp_Id, Name, Email, Ph_Num
198,   Donald,dona@gmail.com,123234234
199,Douglas,doug@gmail.com,453453453
200,Jennifer,jenn@gmail.com,3454567634
201,Michael,mich@gmail.com,54675675432
202,Pat,pat@gmail.com,345654236
203,Susan,susa@gmail.com,246568678
204,Hermann,herm@gmail.com,34658768
205,Shelley,shel@gmail.com,3467893234
206,William,will@gmail.com,46869876543
100,Steven,stev@gmail.com,23456789
101,Neena,neen@gmail.com,9826359
102,Lex,Lex@gmail.com,98246592
103,Alexander,alex@gmail.com,8934593475
104,Bruce,bruc@gmail.com,837465934
105,David,davi@gmail.com,89346593458
106,Valli,vall@gmail.com,940534534
